"Product","Slide 1 Hook","Slide 2 Cause & Solution","Slide 3 CTA"
"ZenCortex","⚠️ HEALTH ALERT\nDeafening ringing won't stop screaming?","🧬 CLINICAL UPDATE\nAcidic swelling chokes raw hearing wires. This liquid silences chaos.","👉 [LINK IN BIO NOW]"
"ZenCortex","⚠️ HEALTH ALERT\nEars suffocated and completely clogged solid?","🧬 CLINICAL UPDATE\nToxic sludge suffocates delicate sound signals. This rare oil obliterates blockages.","👉 [LINK IN BIO NOW]"
"ZenCortex","⚠️ HEALTH ALERT\nPrecious hearing fading into dead silence?","🧬 CLINICAL UPDATE\nInner nerve armor aggressively erodes. This vitamin instantly rebuilds the shield.","👉 [LINK IN BIO NOW]"
"ZenCortex","⚠️ HEALTH ALERT\nRelentless buzzing driving your mind insane?","🧬 CLINICAL UPDATE\nBrain wires misfire violent shocks. This potent extract neutralizes the storm.","👉 [LINK IN BIO NOW]"
"ZenCortex","⚠️ HEALTH ALERT\nPhantom noises torturing every waking second?","🧬 CLINICAL UPDATE\nDeep cranial blood flow is strangled. This herb violently rips open floodgates.","👉 [LINK IN BIO NOW]"
"Nerve Fresh","⚠️ HEALTH ALERT\nFeet burning like scorching liquid lava?","🧬 CLINICAL UPDATE\nJagged sugar crystals shred raw nerves. This savage formula repairs the damage.","👉 [LINK IN BIO NOW]"
"Nerve Fresh","⚠️ HEALTH ALERT\nAgonizing electric shocks electrocuting your legs?","🧬 CLINICAL UPDATE\nExposed nerve wires are left dangerously raw. This capsule instantly shields them.","👉 [LINK IN BIO NOW]"
"Nerve Fresh","⚠️ HEALTH ALERT\nToes paralyzed, numb, and frozen solid?","🧬 CLINICAL UPDATE\nVital blood is suffocated from dying limbs. This extract violently restores feeling.","👉 [LINK IN BIO NOW]"
"Nerve Fresh","⚠️ HEALTH ALERT\nWalking on agonizingly sharp broken glass?","🧬 CLINICAL UPDATE\nDeep nerve pathways are brutally inflamed. This potent blend extinguishes the fire.","👉 [LINK IN BIO NOW]"
"Nerve Fresh","⚠️ HEALTH ALERT\nSavage pain spreading upward terrifyingly fast?","🧬 CLINICAL UPDATE\nThe rotting root cause remains ignored. This aggressive enzyme destroys the root.","👉 [LINK IN BIO NOW]"
"All Day Slimming Tea","⚠️ HEALTH ALERT\nStubborn belly fat refusing to melt?","🧬 CLINICAL UPDATE\nLiver is suffocating in toxic sludge. This savage tea violently flushes it.","👉 [LINK IN BIO NOW]"
"All Day Slimming Tea","⚠️ HEALTH ALERT\nRavenous cravings dominating your mind?","🧬 CLINICAL UPDATE\nParasitic bugs hijacked your brain. This ruthless blend starves them dead.","👉 [LINK IN BIO NOW]"
"All Day Slimming Tea","⚠️ HEALTH ALERT\nWeight scale dead stuck for years?","🧬 CLINICAL UPDATE\nInternal metabolism engine is shattered. This primal herb violently reignites it.","👉 [LINK IN BIO NOW]"
"All Day Slimming Tea","⚠️ HEALTH ALERT\nStrict diets making you disastrously fatter?","🧬 CLINICAL UPDATE\nCortisol traps emergency fat deep inside. This tea forcibly releases it.","👉 [LINK IN BIO NOW]"
"All Day Slimming Tea","⚠️ HEALTH ALERT\nDisgusting muffin top an absolute emergency?","🧬 CLINICAL UPDATE\nYour system is engorged with hidden poisons. This savage mix obliterates toxins.","👉 [LINK IN BIO NOW]"
"Vertigenics","⚠️ HEALTH ALERT\nEntire room violently spinning out of control?","🧬 CLINICAL UPDATE\nTiny balance stones violently slipped loose. This potent drop forcefully anchors them.","👉 [LINK IN BIO NOW]"
"Vertigenics","⚠️ HEALTH ALERT\nStanding up making you instantly nauseous?","🧬 CLINICAL UPDATE\nBrain fatally loses position signals. This vitamin aggressively solders the wire.","👉 [LINK IN BIO NOW]"
"Vertigenics","⚠️ HEALTH ALERT\nTerrifyingly falling down without zero warning?","🧬 CLINICAL UPDATE\nHeavy fluid crushes main balance nerves. This herb violently drains pressure.","👉 [LINK IN BIO NOW]"
"Vertigenics","⚠️ HEALTH ALERT\nSevere nausea from just turning your head?","🧬 CLINICAL UPDATE\nScrambled inner signals brutally confuse the brain. This mineral instantly synchronizes them.","👉 [LINK IN BIO NOW]"
"Vertigenics","⚠️ HEALTH ALERT\nPerfect balance destroyed overnight without trace?","🧬 CLINICAL UPDATE\nInternal crystals shifted dangerously out of alignment. This plant forcefully locks them.","👉 [LINK IN BIO NOW]"
"Pineal XT","⚠️ HEALTH ALERT\nCrucial third eye remains forcefully slammed shut?","🧬 CLINICAL UPDATE\nChemical crust violently calcified your gland. This savage acid effortlessly dissolves it.","👉 [LINK IN BIO NOW]"
"Pineal XT","⚠️ HEALTH ALERT\nDesperate manifestation attempts failing you miserably?","🧬 CLINICAL UPDATE\nSpiritual signals choked by toxic sludge. This oil ruthlessly clears channels.","👉 [LINK IN BIO NOW]"
"Pineal XT","⚠️ HEALTH ALERT\nTerrifying sleep paralysis getting violently worse?","🧬 CLINICAL UPDATE\nDeep rest hormones trapped in tight cages. This mineral shatters the lock.","👉 [LINK IN BIO NOW]"
"Pineal XT","⚠️ HEALTH ALERT\nNatural intuition feeling completely dead and buried?","🧬 CLINICAL UPDATE\nInner focus stone hardened like concrete. This potent extract aggressively softens it.","👉 [LINK IN BIO NOW]"
"Pineal XT","⚠️ HEALTH ALERT\nAbsolutely incapable of experiencing vivid lucid dreams?","🧬 CLINICAL UPDATE\nBiological dream faucet completely clamped shut. This plant violently restarts it.","👉 [LINK IN BIO NOW]"
